X,Y,Z,VX,VY,VZ,R,P,Ya,VR,VP,VYa
-1.5208577,-6.966183,1.1850953,6.31369161605835,3.583897113800049,1.6483078002929688,-11.422960339638358,42.81942237857749,37.36196121285932,-26.635620404407025,3.527042452719942,38.25070201256679
-1.1933202,-6.766452,1.2717432,6.550750732421875,3.994630813598633,1.732958197593689,-11.64004936467075,43.23332842718568,39.939261379177346,-39.51311904667108,0.5766826366602555,38.576631809570635
-0.8553217,-6.545842,1.3619264,6.759969711303711,4.412197113037109,1.803664207458496,-12.405831391392363,43.63704041845762,42.743286259899364,-53.871249021737576,-0.5872238063445537,41.513189680947576
-0.50892466,-6.3043485,1.4542282,6.92794132232666,4.829868793487549,1.8460352420806885,-13.605811104972624,44.083820167541084,45.91937545037406,-68.01089832072829,-1.6035463498889309,46.64073904937579
-0.1565288,-6.0419846,1.5470765,7.047916889190674,5.247276782989502,1.8569661378860474,-15.168740240858194,44.64017664147906,49.57178837318712,-82.32766467018118,-2.202388094568265,53.3581242301512
0.19954978,-5.7575097,1.6401945,7.1215715408325195,5.689502716064453,1.8623607158660889,-17.108524210425568,45.43704456666069,53.80959973428904,-98.7587912092924,-1.345602441614401,61.97165871698135
0.5564489,-5.449374,1.7334008,7.13798189163208,6.1627092361450195,1.8641278743743896,-19.47647054094624,46.65453603149922,58.67592851791012,-117.40964043619854,1.9029583643270178,71.79857289476969
0.91062623,-5.1182446,1.8242154,7.083547592163086,6.622589588165283,1.8162901401519775,-22.257131052064935,48.428168819316866,64.20123736774862,-137.1199134750762,6.550240206501439,82.36523754080542
1.2584244,-4.765139,1.910004,6.955962181091309,7.062108039855957,1.7157719135284424,-25.350457132819304,50.77582436536072,70.44701506180756,-156.96953603340046,10.244457302129556,93.05315170498723
1.5960099,-4.391066,1.9884613,6.751708507537842,7.48145866394043,1.569145917892456,-28.594131045131284,53.68930644262677,77.52760579698216,-176.7851579100364,12.530768357916589,103.76228043673109
1.9190391,-3.9968402,2.0578403,6.460586071014404,7.884522914886475,1.3875833749771118,-31.743225620458805,57.1721735796726,85.6700928726078,-197.04620374320552,13.68670188908673,114.92104735172606
2.2223446,-3.5834572,2.1167738,6.066108226776123,8.267658233642578,1.1786686182022095,-34.43783770086639,61.24659315544948,95.28420567661522,-219.04999966386012,14.370475541991292,126.95127810292296
2.5008552,-3.1537993,2.1633945,5.570212364196777,8.593156814575195,0.93241286277771,-35.81743004527683,65.80709680388865,107.1590974355185,-240.20832744829383,13.40176432616037,138.96146907909505
2.746875,-2.7107353,2.1970003,4.9203996658325195,8.86128044128418,0.6721162796020508,-34.34258729779597,70.78152357640894,122.94944294745581,-264.0536653125889,13.746357615071268,152.34735577675607
2.9531667,-2.2602034,2.2165236,4.1258344650268555,9.010642051696777,0.39046746492385864,-26.299769757633744,75.8062683525447,146.6901149929096,-294.3500075649343,16.51076312973898,167.22182756250803
3.1112187,-1.8113263,2.2214806,3.161036729812622,8.977540016174316,0.09913735091686249,-2.3968352559454766,79.56925179273651,-171.53507836299272,-339.46594786323976,25.04853545074806,187.12158370934017
3.2364557,-1.374059,2.2076218,2.504742383956909,8.745346069335938,-0.2771742641925812,21.289870397658994,76.20711166436524,-128.64143573379928,-366.2393878247193,-33.04886409163093,184.7022487430516
3.3330586,-0.9579841,2.1764755,1.9320547580718994,8.321496963500977,-0.6229262948036194,26.85382275027413,69.60271488793478,-103.19999194349896,-375.6119373283509,-57.394298161670584,189.05094822532868
3.3960347,-0.5849305,2.1371071,1.259523868560791,7.461071968078613,-0.7873665690422058,24.932896933005157,63.22545605235308,-85.7525878974032,-358.2931184235698,-52.89214481931083,181.08734380406568
3.4356806,-0.2702458,2.0990772,0.7929169535636902,6.293694019317627,-0.7606005668640137,21.11609672479553,58.4663168424716,-71.26449991299889,-329.32065807766963,-31.950877031605533,167.21831684527464
3.4691405,-0.016615976,2.0682762,0.6691984534263611,5.072596073150635,-0.6160200834274292,17.27855152452928,55.717582343080835,-58.4065731778015,-292.55732879461607,-5.76172816399567,150.142693656081
3.5119588,0.18101278,2.0469236,0.8563644886016846,3.952575206756592,-0.42705297470092773,14.339393058625857,54.83940443092479,-46.90035453972798,-247.86587109284858,18.882525828458395,130.9950232991373
3.5770662,0.3270543,2.0371916,1.3021482229232788,2.920830011367798,-0.19463826715946198,13.076531208451874,55.316670729368596,-36.53486287041121,-195.2150573474818,37.38235615772098,113.07389782277698
3.679841,0.42009023,2.0454516,2.0554981231689453,1.8607189655303955,0.16520167887210846,6.891633551786185,55.132986452019445,-26.778443075046578,-283.8782074162809,15.71345465735588,110.43550502942777
3.8157475,0.48729286,2.0583045,2.718127489089966,1.3440523147583008,0.25705915689468384,-3.2177778904041117,53.72096778452437,-18.274164294179947,-340.3987058170534,-25.07921153785788,100.10812923077427
3.9762158,0.546931,2.066348,3.209369659423828,1.1927635669708252,0.16086791455745697,-14.99408035094992,51.448557017471956,-9.850517604012607,-369.1567528645285,-61.22546055015746,94.25292224402416
4.1592116,0.60970753,2.0685823,3.6599128246307373,1.2555301189422607,0.044685088098049164,-26.635198640225777,48.80685499746988,-0.21627839363570334,-380.44850356266363,-93.53259683377627,97.12309750685775
4.363887,0.68765867,2.0675013,4.093501091003418,1.5590230226516724,-0.021619044244289398,-36.840380647080465,46.17267643083857,11.55825272671797,-377.3469693020742,-128.82011348248682,108.11298799462415
4.5838575,0.7937393,2.0650854,4.399422645568848,2.121612548828125,-0.04832002520561218,-45.45179094507875,44.240914518451376,25.349294293113108,-367.54411788073185,-157.3085866237999,121.41913906391446
4.8075886,0.9484818,2.0680935,4.474620819091797,3.0948498249053955,0.06016552820801735,-52.1846533345134,43.46820838745867,40.00442138385927,-337.3438627296302,-169.58516863798081,127.89656262367438
5.012263,1.1660769,2.080205,4.093478679656982,4.351901531219482,0.2422250658273697,-56.808049364830055,43.73312410460678,54.510599124280375,-292.28554190716295,-168.21821555862948,126.48794539038597
5.1759734,1.4409626,2.0985584,3.274216890335083,5.4977126121521,0.36707165837287903,-59.712471196162085,44.82552406989111,68.27309562258674,-250.11382295248316,-156.284099229433,122.2600992752831
5.285826,1.758358,2.1187553,2.197053909301758,6.347908973693848,0.4039352834224701,-61.16471284767937,46.492288302860146,80.93412166439099,-210.09249343533352,-137.62058000161647,116.23849521997315
5.335785,2.10316,2.1375592,0.9991723299026489,6.896040916442871,0.3760770857334137,-61.59724823724876,48.71490699086317,92.56764819840438,-180.47356934487,-116.51376550390299,114.04566981712972
5.3244195,2.4620175,2.152575,-0.22730624675750732,7.177151203155518,0.3003169298171997,-61.052294764130124,51.45392896125417,103.60435963293122,-158.43399689334288,-98.0606775742254,115.86956938214408
5.2516074,2.823926,2.1625507,-1.4562441110610962,7.238170146942139,0.19951274991035461,-59.502046728212335,54.60294669695353,114.45972954499423,-142.5126620135031,-82.24973221175134,119.24004917149192
5.1198025,3.179516,2.1664085,-2.6360926628112793,7.111798286437988,0.07716105133295059,-56.45714498112606,57.8827249892182,125.81637387043364,-128.0441356908817,-72.31398579972802,122.28789814520505
4.9322453,3.5210612,2.1637533,-3.751150369644165,6.830905914306641,-0.05310896784067154,-50.787999177556266,60.95127626630564,139.17916086832167,-116.8827733040021,-73.16537570995928,129.68243852557927
4.690585,3.8413541,2.1558874,-4.833197116851807,6.40585470199585,-0.1573152393102646,-42.44316091757983,63.65879740424454,154.81424252004626,-110.25992818662343,-68.52694643327943,138.6617740386932
4.397828,4.134123,2.1444092,-5.855143070220947,5.855380058288574,-0.22956417500972748,-30.984627245196755,65.7476400071637,172.94956955896734,-99.14601512390793,-59.26523040930965,148.5528168625988
4.0587373,4.3951054,2.1305778,-6.781817436218262,5.219649791717529,-0.2766285836696625,-16.80887527380065,67.108766935153,-166.43492146823084,-94.90086130944825,-41.994482375907104,160.9725323210265
3.6940296,4.6344447,2.1064496,-7.294156551361084,4.786782264709473,-0.48256587982177734,-2.179005795718372,67.29778559024393,-143.32960727974998,-134.0047324965251,-25.720829263205122,176.29125327077443
3.308911,4.8510566,2.0713248,-7.702367782592773,4.332242012023926,-0.702491819858551,11.477285102975701,65.78914706674986,-119.20501030104975,-170.1583581131283,-13.985752330385631,192.81163672195936
2.908676,5.0438247,2.0247192,-8.004704475402832,3.855363130569458,-0.9321115612983704,22.023234639032435,62.384926142902145,-96.19299649663125,-203.70891667476957,-6.317022543517707,211.10289697963185
2.5005877,5.215191,1.9648688,-8.161766052246094,3.427318572998047,-1.1970112323760986,27.945850470248693,57.0756220255653,-76.09932444907328,-229.14519684205737,-9.647783075294642,227.57671220105564
2.0903516,5.366833,1.8915007,-8.204717636108398,3.032848834991455,-1.4673616886138916,29.41831460435109,50.31308587928153,-59.214393311317245,-242.95761519300737,-21.763392044890345,239.8427210824014
1.6826311,5.4929886,1.810412,-8.154411315917969,2.5231075286865234,-1.6217725276947021,28.13643323865956,43.15800851611336,-44.84525307130869,-234.948398768467,-29.899771223850703,241.36476043704704
1.2838748,5.5890226,1.7299622,-7.975128173828125,1.9206758737564087,-1.6089972257614136,25.785191843301444,36.560967853419,-32.09292789086887,-210.40961911849723,-28.31974697824624,234.29974936336924
0.89919347,5.6583724,1.6541693,-7.693624973297119,1.387001633644104,-1.51585853099823,23.216366234196112,30.86732899148554,-20.348443226241336,-181.63870399462579,-22.206650831456663,225.0376166978601
0.53076655,5.707252,1.5837637,-7.368537902832031,0.9775880575180054,-1.4081109762191772,20.83753428968573,26.139772576326195,-9.294501785759488,-152.9672227646914,-14.498756739887886,215.58604190553146
0.17875864,5.7414646,1.5179499,-7.040158748626709,0.6842571496963501,-1.3162764310836792,18.847264976868207,22.31664590539784,1.2574769930653693,-126.31777805740428,-6.384759237064015,206.9947840806793
-0.15711892,5.765163,1.4564621,-6.717551231384277,0.4739607274532318,-1.2297546863555908,17.35285032232068,19.372827542933177,11.451233907707625,-102.36705720440507,3.385589875339213,199.39901266697817
-0.47687164,5.7811832,1.4001803,-6.395054817199707,0.3204059898853302,-1.1256356239318848,16.45078894618439,17.351849699607275,21.390200753924606,-80.62233718915824,16.27664985820033,192.2558505688171
-0.7807127,5.791889,1.3494464,-6.076821804046631,0.21411943435668945,-1.0146796703338623,16.232301439919436,16.250432177071236,31.13711121841729,-60.70788247523223,31.420932899188,185.26676387795317
-1.0692185,5.7993684,1.3032383,-5.770114898681641,0.14958667755126953,-0.9241626262664795,16.76066267599682,15.998915583527392,40.732615172031004,-42.75450826070569,47.53681547225186,178.1909064638734
-1.342988,5.8054175,1.259679,-5.475390434265137,0.12098672240972519,-0.8711859583854675,17.9630645454115,16.495986015469654,50.27727519746315,-29.412874358677175,64.15121306226744,171.94942495880238
-1.6020217,5.8116903,1.2175236,-5.180672645568848,0.12545502185821533,-0.8431077003479004,19.76915268461775,17.62014977548913,59.87995426479997,-20.294735741250232,80.58947714906132,166.47601188627763
-1.8449816,5.8201327,1.1776918,-4.859199523925781,0.1688433736562729,-0.7966344952583313,22.061205368175827,19.34252370113312,69.71873248117662,-16.643103167549853,98.7129879607183,162.05122409664662
-2.0697358,5.833573,1.1422311,-4.495084285736084,0.2688005864620209,-0.7092156410217285,24.628688845109252,21.629540827725606,80.0130638246256,-20.839170119991948,118.29614434895284,158.98819844259774
-2.2737842,5.8563423,1.1140308,-4.080967903137207,0.45539623498916626,-0.5640037059783936,27.261125713502206,24.38342528975056,90.87150049162594,-32.38027736434589,136.81545096263372,155.7108960939072
-2.455683,5.894331,1.0955094,-3.6379780769348145,0.7597707509994507,-0.3704305589199066,29.811204160883147,27.53453818597782,102.27475402796152,-48.9902968031035,153.11603892632763,150.12335056035153
-2.6161883,5.954435,1.0879623,-3.2101027965545654,1.2020738124847412,-0.15094102919101715,32.30800713273799,31.10575381993776,114.23339756646752,-67.35711944356383,168.5190034292985,141.90810830968692
-2.7591543,6.0430818,1.0906878,-2.8593220710754395,1.772937297821045,0.05450773239135742,34.90493043254146,35.115122674059435,126.92205855365364,-86.88465760138698,184.1188139841491,132.8225360342226
-2.8913105,6.1647367,1.100983,-2.6431210041046143,2.4330992698669434,0.20590569078922272,37.48335416497795,39.369777281654606,140.81877509933992,-116.85661367948096,198.93002455780842,128.53812229241368
-3.0214944,6.321264,1.1152693,-2.6036782264709473,3.1305413246154785,0.28572559356689453,40.12156595831416,43.630302436841404,156.4054990117408,-154.05152895580926,212.20482505880835,128.84721567311342
-3.1589615,6.5085073,1.127716,-2.749342203140259,3.7448692321777344,0.2489347606897354,43.0523386594641,47.517936829385945,173.99344103019874,-192.8913040484384,220.9800745195223,132.8871086426359
-3.3122592,6.721265,1.1344576,-3.06595516204834,4.25515604019165,0.13483238220214844,46.412019919734156,50.671629829572176,-166.11936672857627,-233.76256864552607,227.42102486911438,140.9401339005127
-3.4748952,6.9410777,1.1233289,-3.2527222633361816,4.396255970001221,-0.22257472574710846,48.13386621326477,52.15252753975225,-146.39511912265675,-274.05598557845235,200.51830308702483,145.3139821393138
-3.6446512,7.162584,1.0917014,-3.3951187133789062,4.43011999130249,-0.6325487494468689,47.71388812648444,52.33208979793729,-127.65579845543144,-304.6802588732284,172.75322894108618,151.16802799390499
-3.856885,7.382343,1.0563034,-4.244673252105713,4.395180702209473,-0.7079607248306274,48.95621074405055,53.68508538571971,-108.9259785813416,-274.44164537974797,186.12643880764765,129.74528992632173
-4.1160965,7.583878,1.0191462,-5.184235095977783,4.030707359313965,-0.7431448698043823,53.31371775526236,56.17308765882899,-88.04781832647264,-254.9592957534736,217.34631825842715,112.06317325958767
-4.419196,7.7494273,0.9787039,-6.061991214752197,3.310988187789917,-0.8088445067405701,62.24506435926779,58.70742935036222,-63.23898665709888,-240.43498044571155,251.5857833601343,99.80441120895131
-4.771263,7.840922,0.9371796,-7.041337490081787,1.829887866973877,-0.830485999584198,73.6368773287436,58.42319102805214,-37.36983642097234,-214.66359753736455,246.80202814848406,106.01096312660688
-5.1570954,7.827919,0.888873,-7.71664571762085,-0.2600570321083069,-0.9661335945129395,82.94622026179587,55.10151635541861,-13.495417318738646,-214.1004347799187,242.1403967191937,116.80016899617996
-5.547379,7.696583,0.82593185,-7.805675983428955,-2.626720666885376,-1.2588220834732056,87.28862230965821,49.54791686203792,6.953998301550279,-237.3979504916437,239.43288241144396,130.5728083254038
-5.9086475,7.457389,0.7437588,-7.225364685058594,-4.78387975692749,-1.643460750579834,86.39409975481831,43.13436923139595,25.206729462114726,-282.04031279365717,244.8360538185443,140.92809910719515
-6.206701,7.1242332,0.6446441,-5.9610724449157715,-6.663119316101074,-1.9822943210601807,82.73779020908377,36.81032781473241,43.25978516493573,-304.7651444642333,264.04716297249905,151.2740735109586
-6.4056034,6.718654,0.5363884,-3.9780490398406982,-8.111576080322266,-2.165113925933838,76.90082665760676,31.20652301585754,61.39194641117652,-318.8867518185314,276.8908419330878,162.8598638528628
-6.4844675,6.27987,0.43113324,-1.5772793292999268,-8.77568244934082,-2.1051034927368164,68.7396453542228,27.13010731729573,79.93157966782735,-342.8177129342618,286.29860789208,173.33342619032206
-6.454325,5.8533444,0.34071064,0.6028411984443665,-8.530509948730469,-1.8084520101547241,58.74013912629741,25.422276571941985,99.49438209233526,-371.619391230155,300.70730175757205,186.20606515299167
-6.3454323,5.4730716,0.27423877,2.1778624057769775,-7.605456829071045,-1.3294373750686646,47.416460708887065,26.857837193958805,120.16305361517077,-406.59277381855827,315.0753696578809,201.07779120269726
-6.197695,5.1555095,0.23632108,2.954746961593628,-6.351247310638428,-0.758353590965271,35.69150867773847,31.883729441875136,141.32403151300244,-439.9479753095589,320.6356900574049,211.18995457079285
-6.0507994,4.89572,0.22365287,2.937906265258789,-5.1957926750183105,-0.25336411595344543,25.074358688452584,39.46507549604921,161.76842694425142,-449.16457793406073,298.91746434594853,211.85726405270307
-5.9333014,4.678266,0.23171936,2.3499670028686523,-4.349074363708496,0.16132967174053192,16.660684074473465,48.48275227606902,-178.19333801121792,-445.5831272616295,270.68916677049964,206.98541306113805
-5.8339267,4.469334,0.22988729,1.9874913692474365,-4.178638935089111,-0.03664124011993408,9.190098929201257,55.26460419732559,-157.83512590691618,-469.1177188394457,187.7718177183254,215.9442716671203
-5.76447,4.257683,0.22335222,1.3891359567642212,-4.233023166656494,-0.1307014375925064,4.087843885703713,59.56263733633951,-136.4564425594795,-462.0016452715329,111.3173780739248,219.55058422813036
-5.729995,4.022139,0.21785472,0.6894984841346741,-4.710883140563965,-0.1099499985575676,2.1973425057623293,61.5955543503346,-114.38209078469869,-422.26335879358857,52.03373005951821,214.55994258652046
-5.716921,3.7492137,0.2128371,0.261482834815979,-5.458505153656006,-0.10035265237092972,2.603252323843136,61.65411639227829,-92.86601818210721,-370.52374692501485,9.719524821015517,204.23978629781965
-5.7081122,3.4403474,0.20500065,0.1761675477027893,-6.1773247718811035,-0.1567288041114807,3.606776160099967,60.32136890029038,-73.36886753590147,-320.99498532850424,-16.107447289438895,190.19709494919184
-5.692645,3.1049721,0.1905636,0.309345543384552,-6.707503795623779,-0.2887410521507263,4.225710400326775,57.90126895281478,-56.27074911867641,-281.1296846527544,-35.93117660061964,178.39772459194137
-5.6654196,2.7520254,0.16731478,0.5445073843002319,-7.058935165405273,-0.4649764597415924,4.063224041953579,54.6975926282824,-41.3201036482059,-252.03884346815957,-51.55355751558256,170.10892120391574
-5.620918,2.3853846,0.13786927,0.8900430202484131,-7.3328166007995605,-0.5889100432395935,3.210912696514603,51.27243375953401,-27.955612518119935,-230.46984372968964,-57.85943404414846,164.98009117501815
-5.552938,2.0089846,0.1071034,1.359592318534851,-7.527999401092529,-0.6153175234794617,1.79507189784867,48.2599754110053,-15.389348520860434,-220.15047974293256,-52.87965581841346,164.87848528092502
-5.454931,1.6285747,0.08142368,1.9601469039916992,-7.608196258544922,-0.513594388961792,-0.062421865887006836,46.201960866905004,-3.0176089514931332,-218.73012824465007,-38.473219330442056,168.70866412217143
-5.3210835,1.2528168,0.06770076,2.6769464015960693,-7.515161037445068,-0.27445849776268005,-2.113952512742232,45.55230742399924,9.410136888407804,-219.37782142326404,-16.23448710045384,172.85728004290215
-5.147984,0.89324474,0.071585186,3.461984872817993,-7.191439151763916,0.07768864184617996,-3.874706978879819,46.53744951365228,21.847007220709642,-214.21172588225485,10.584599015248898,173.5152048448928
-4.936533,0.5621988,0.09516639,4.229018688201904,-6.620919227600098,0.4716240465641022,-4.685098251731254,49.01263835187861,34.10459618635605,-197.72926364134184,36.88819880145972,168.01899260091855
-4.690023,0.2711691,0.13828248,4.93019962310791,-5.820594310760498,0.8623218536376953,-4.335285844520819,53.18337384023642,46.36137406703852,-183.82906369917885,70.72494228932456,160.02088206396863
-4.413335,0.031002635,0.19849086,5.533766269683838,-4.8033294677734375,1.2041674852371216,-2.6840995655012847,59.11336798330358,59.53849261762352,-186.01550287514831,108.81782936602362,153.75757127431027
-4.109893,-0.13919362,0.27601242,6.068840503692627,-3.4039251804351807,1.5504311323165894,1.217542691257303,66.46823862497838,75.42795100460687,-204.99442657845768,144.10558507135514,147.0860064175819
-3.7856867,-0.20017153,0.37390462,6.484123706817627,-1.2195580005645752,1.9578438997268677,10.213760724452225,73.66085812291952,97.60976897578867,-237.89021588550486,155.83310183853706,135.95114516468198
-3.4646726,-0.1590781,0.47369447,6.420280456542969,0.821868360042572,1.9957969188690186,29.07913082526284,77.40968941115105,133.96817732408718,-327.8397091410708,127.71020774235976,144.92452475283966
-3.1657565,-0.05574812,0.5596983,5.978322982788086,2.0665998458862305,1.7200762033462524,62.37283670807122,78.09065927140132,-174.5870664313429,-341.5686625803632,160.49917289078795,139.2578309871819
-2.8957198,0.08560413,0.62457114,5.400733947753906,2.82704496383667,1.2974573373794556,68.10233406314725,74.33850851123316,-147.8128205075413,-405.7196570765772,84.74195895686228,119.94747918458683
-2.6705327,0.25533178,0.66913116,4.503741264343262,3.3945534229278564,0.8912006616592407,56.041302573888174,70.28154689897484,-135.9626881843793,-466.8830448675576,25.913107626077444,105.73107563479809
-2.482706,0.4311546,0.6953766,3.756533622741699,3.516455888748169,0.5249078869819641,38.74731140674008,66.3037403490078,-127.35313911292982,-505.66272795586895,-6.9192057448050575,102.31354950244719
-2.3161137,0.60120845,0.7032859,3.33184814453125,3.4010772705078125,0.1581858992576599,20.86894120703674,62.36099999023959,-118.58937803039983,-515.304386912799,-30.775876173593655,105.81775073536555
-2.171342,0.7536425,0.69863206,2.8954365253448486,3.0486812591552734,-0.09307578206062317,4.178248269558002,58.05518043557185,-108.98988183121624,-500.11666899133195,-63.629796421028665,112.56630548441831
-2.042757,0.87214625,0.6910446,2.5716943740844727,2.3700742721557617,-0.15174826979637146,-10.063605845738664,53.65754606298621,-98.37081597386816,-460.2553571460574,-94.24739662098561,115.23464865727803
-1.9134433,0.9506737,0.6865317,2.5862762928009033,1.5705496072769165,-0.09025883674621582,-21.418940482404725,49.3902146242915,-86.90427390468325,-406.28385802277694,-121.10148062599549,114.7750588884062
-1.7668542,0.99524635,0.6865027,2.93178129196167,0.8914522528648376,-0.0005805015680380166,-29.826066652517095,45.271238309464046,-74.65472577923724,-347.95002635963607,-146.22787511063981,114.58448295018451
-1.5921687,1.0173237,0.69074047,3.493711471557617,0.44154754281044006,0.08475594967603683,-35.850129575928264,41.51186803934318,-62.36526885847085,-289.07611797844396,-160.08202591741858,109.67215625759798
-1.3823727,1.0289985,0.7002776,4.19591760635376,0.23349489271640778,0.19074249267578125,-39.69427956912191,38.06898141460402,-50.5316143666815,-228.1873994147465,-165.79737795072353,101.8385781475645
-1.1337777,1.0425926,0.71734834,4.971900463104248,0.27188482880592346,0.34141483902931213,-41.60929044256965,34.84699676800141,-39.7652793855442,-166.18824235616668,-161.6415630106076,89.58607938039705
-0.8469943,1.0693657,0.7443143,5.735669136047363,0.5354615449905396,0.5393190979957581,-41.89583053863003,31.661277010796994,-30.350020709032528,-108.9914186237795,-152.30638830211433,75.16178536284065
-0.52681625,1.1174681,0.7827676,6.403560638427734,0.9620461463928223,0.7690657377243042,-41.3099437418155,28.52111120026197,-22.350689275768477,-68.5232171499926,-138.798801293822,61.88743565432593
-0.18013911,1.1912996,0.8330688,6.9335432052612305,1.4766286611557007,1.0060242414474487,-40.79712289364719,25.733067254650493,-15.535576040801237,-51.910479295945336,-121.67394610109095,54.90684230369491
0.18511967,1.2913954,0.89272726,7.30517578125,2.0019185543060303,1.193169355392456,-40.35671229596477,23.251908831089565,-9.084012431012619,-44.69800443808697,-114.03174989160124,56.94597820492929
0.56308216,1.418389,0.96074855,7.5592498779296875,2.539870023727417,1.360425591468811,-39.9047416031121,21.085809958468403,-2.6804375168891,-39.29884576712403,-109.5344664741197,62.792114700461624
0.9485732,1.5724272,1.0364414,7.709819793701172,3.080763339996338,1.5138579607009888,-39.29271567234394,19.197112388798136,3.82089618727752,-32.54745307447113,-106.88633383101406,70.01270382305397
1.336354,1.7504181,1.1162039,7.755616188049316,3.5598196983337402,1.5952481031417847,-38.54351222228524,17.641299456254075,10.35130536641065,-26.30059279542873,-102.02861450084177,76.88720043021259
1.7225707,1.9490505,1.1967691,7.724334239959717,3.9726476669311523,1.6113041639328003,-37.81254196221589,16.520473951191445,16.86155310777437,-23.64007531181056,-94.53171690556573,83.9968946014406
2.1044757,2.1660779,1.2763299,7.638099193572998,4.340547561645508,1.5912150144577026,-37.168564406510406,15.924632153661626,23.33173154437221,-23.28466812589624,-85.06676860284223,91.34054324230905
2.4799178,2.4000914,1.3541377,7.508841037750244,4.680272579193115,1.5561569929122925,-36.724065940609734,15.95950539201642,29.77777379999052,-26.52876550993676,-73.95161244569779,99.48781828054288
2.847017,2.650445,1.430278,7.341988563537598,5.007070541381836,1.5228044986724854,-36.66034710584268,16.788418857236458,36.217341036275656,-35.03419859277312,-60.55483842649976,108.9796160568937
3.2039335,2.9171047,1.505278,7.138328552246094,5.333194732666016,1.5000016689300537,-37.1116689307242,18.59708880794898,42.6489579323669,-48.11168175884057,-44.65829030315793,119.71414626216085
3.5488205,3.2004302,1.5795563,6.897739887237549,5.666506767272949,1.4855676889419556,-38.167677648110704,21.58846407005715,49.04043722180056,-65.01577840740765,-25.997457047232515,131.58210537905657
3.8803627,3.4999478,1.6516632,6.63084602355957,5.990353107452393,1.4421366453170776,-39.6994295317561,25.748170510452685,55.42239864262581,-81.84597240915521,-8.833488776219369,143.20096749692195
4.198176,3.8139582,1.7181463,6.356257438659668,6.280210494995117,1.3296617269515991,-41.41329133414697,30.850994594085453,61.901430711935284,-95.67834857285997,3.2495798915099257,153.02504714620474
4.501406,4.141483,1.7764436,6.064606666564941,6.5504937171936035,1.1659462451934814,-43.03778011124822,36.65856442646931,68.72352610778157,-108.28042325193785,9.640187904937589,162.03765934095497
4.786871,4.483793,1.8264896,5.709300518035889,6.846195697784424,1.0009199380874634,-44.40906011543875,43.066886962396225,76.23904962892422,-123.76556859100229,12.706789163016987,171.91528767333065
5.0453234,4.8464546,1.872149,5.169047832489014,7.25324010848999,0.9131867289543152,-45.54148498925935,49.93717617302612,84.99790663563016,-149.74984849577856,11.73861667835685,182.31604019423762
5.2455883,5.248405,1.9279602,4.005294322967529,8.039008140563965,1.116223692893982,-47.0959814028409,56.69873901735317,96.51835938793398,-215.90296268302006,-6.5188115179224475,192.66040267335694
5.4330425,5.653976,1.9640914,3.7490899562835693,8.111412048339844,0.7226259112358093,-44.838156504761045,62.93377282384769,111.00714405163366,-205.5589280529809,-18.56983635316063,190.36539081034095
5.5988946,6.063144,1.9825637,3.317039966583252,8.183365821838379,0.3694463074207306,-37.294021321185205,68.84689298457033,131.17824995381207,-217.89986410952167,-20.006645192248264,200.62057833965662
5.7247543,6.473815,1.987839,2.517188549041748,8.213422775268555,0.10550524294376373,-20.000822455980828,74.18332661329048,162.86117524918342,-256.43079170826115,-5.039545796067188,224.10376591377926
5.8031287,6.8763304,1.9806976,1.5674958229064941,8.050302505493164,-0.14282742142677307,12.432405096131943,75.4503813458412,-147.7444639743278,-307.47019990388185,6.452660708924051,253.03908369097292
5.8319497,7.2558203,1.9621226,0.5764184594154358,7.5897955894470215,-0.3715001344680786,33.82667237393365,70.83584407087805,-112.03458891791117,-257.1710476105071,-0.7225979422507949,222.70395962452017
5.8130665,7.598828,1.9352218,-0.37766194343566895,6.860154151916504,-0.538016676902771,41.97761180865717,65.10756248947429,-91.71136104253821,-214.30196634156908,4.229057193020081,189.40092711840015
5.7500505,7.8931966,1.9045094,-1.2603278160095215,5.887372970581055,-0.6142460703849792,45.61298682458563,60.42776958718084,-77.57891417802729,-178.7988889226529,22.300659847645427,157.67637865022675
5.646785,8.126507,1.8752354,-2.065311908721924,4.666208267211914,-0.585481584072113,48.62158953132787,57.324254571732105,-65.32019993871512,-149.8111562737686,50.75902893019166,131.46713963494693
5.5087733,8.286655,1.8516265,-2.7602286338806152,3.2029707431793213,-0.47217798233032227,52.5343487747343,55.51431249828667,-53.26828333690344,-122.65859983221833,80.02649880672301,112.43565762597432
5.344694,8.366082,1.8342445,-3.281586170196533,1.5885367393493652,-0.3476409316062927,57.94638235228272,54.32542245059757,-40.86688303073512,-94.87979700604792,103.50220049351535,100.62781783415302
5.1637073,8.358164,1.8213875,-3.6197359561920166,-0.15836073458194733,-0.25713834166526794,64.64979638111086,53.13437406313075,-27.64161506159611,-79.402547365664,125.70930382500453,95.8327449990481
4.976706,8.261756,1.8080837,-3.7400248050689697,-1.9281610250473022,-0.26607686281204224,71.61710842890079,51.22407602021032,-13.72872121286065,-80.73898315980372,144.00606921514805,98.70329592228605
4.7960114,8.072099,1.7899148,-3.6138904094696045,-3.793153762817383,-0.36337578296661377,77.36147510579993,48.51297244805174,1.1406003968136977,-112.79469334988521,170.08511116446905,103.08885110532451
4.6387997,7.788853,1.7624253,-3.144237756729126,-5.6649041175842285,-0.5497912168502808,81.24128210155564,45.19427232280176,16.991881654874675,-153.993827517701,200.62977177427945,104.95740644713241
4.5234733,7.424821,1.7214707,-2.3065288066864014,-7.280648231506348,-0.819092333316803,82.94868596008625,41.50355911421786,34.106925280863024,-201.00720802781436,236.4057152505376,106.75753012364595
4.4708276,6.995733,1.6658384,-1.0529077053070068,-8.581757545471191,-1.1126471757888794,82.69014280943377,37.82520513293709,52.921750274268256,-245.36848072472512,278.35821245361666,108.55585746040778
4.4958067,6.528519,1.5962099,0.4995826482772827,-9.344279289245605,-1.3925689458847046,79.5136540528926,34.40252903795201,72.99327543344246,-299.7204487055319,310.29522078611245,117.23206917815655
4.597053,6.056899,1.5155231,2.0249228477478027,-9.432403564453125,-1.613736867904663,72.62281963323932,31.710437297348157,93.9647155818063,-365.5098689798486,329.26601656430955,136.67495397140655
4.761573,5.6102896,1.4295813,3.2903943061828613,-8.932188034057617,-1.7188348770141602,61.99525702056375,30.843314046363776,115.86361345718782,-438.0323804549371,340.27633614788346,160.92940650660705
4.972875,5.216448,1.3501524,4.226046085357666,-7.87683629989624,-1.5885794162750244,48.88453815399502,33.293094580877664,138.7513178187121,-502.7003929505644,349.0700134589781,181.38063212702602
5.1971126,4.8927503,1.2901675,4.484750747680664,-6.473950386047363,-1.1996992826461792,35.009445987221,39.48728044104092,161.8858925375973,-549.402549060957,342.46237917288107,196.90822026159293
5.393181,4.6283107,1.2538911,3.921363353729248,-5.288787841796875,-0.7255246043205261,22.40763768552075,48.03546026279781,-175.91533331923526,-557.2714733999452,304.3397602827249,201.79728332986642
5.548832,4.3853974,1.2260233,3.1130239963531494,-4.85826301574707,-0.557357668876648,10.706554604200413,53.008722488064606,-155.020568874494,-555.4785214220602,171.13547131541196,228.21134605797656
5.6463504,4.1355968,1.215496,1.950373649597168,-4.996012210845947,-0.2105461061000824,2.3493522077223714,55.0635712394846,-134.27564511976448,-502.32358507443314,68.39035631025752,238.5327181203496
5.696447,3.848185,1.2240334,1.0019274950027466,-5.7482380867004395,0.17074783146381378,-1.9347541755738966,54.71074074243467,-113.66033786491428,-422.6502207081781,-6.134903233262133,237.66973737909686
5.727676,3.5192654,1.2430292,0.6245772242546082,-6.578394412994385,0.3799162805080414,-3.759450951730439,52.73564469485833,-94.27486764182741,-348.94234356301223,-50.51002413871509,227.3617798082537
5.7587514,3.1613169,1.2625558,0.6215090751647949,-7.158971786499023,0.3905336260795593,-4.825393325491078,49.97787385519564,-76.98654553169042,-291.3381673485255,-70.77216621724602,211.31905880648443
5.7968726,2.7862005,1.2759937,0.7624293565750122,-7.502323627471924,0.26875588297843933,-5.609732122413968,46.54955260886154,-61.49126419189768,-246.93079087471713,-86.64996547131616,199.33109326587157
5.8438497,2.4020526,1.2794245,0.9395421743392944,-7.682960033416748,0.06861769407987595,-6.311730854458239,42.54140294350671,-47.4668811653401,-210.79372163666207,-100.11259617449146,190.61299882813228
5.9007764,2.0132391,1.2724949,1.138533115386963,-7.77626895904541,-0.13859230279922485,-6.939293758040888,38.19765534837789,-34.75756227100927,-177.19492827910213,-108.30507340465242,182.4551848080091
5.9684505,1.6231456,1.2564605,1.3534764051437378,-7.801870822906494,-0.32068684697151184,-7.446298700130935,33.80860310848438,-23.190023902114664,-146.14057163266872,-110.24384309112806,174.79403482357262
6.0476565,1.2349008,1.2341115,1.5841255187988281,-7.764896869659424,-0.44698014855384827,-7.8403297520280315,29.713952512385923,-12.525007093351684,-120.16196078490357,-105.0638481151579,168.93422428932192
6.1385393,0.85158825,1.2086982,1.817658543586731,-7.666251182556152,-0.5082681179046631,-8.247528554871266,26.25971240569891,-2.453574064267596,-102.66358303703201,-93.12743684240029,166.51542207778863
6.241439,0.47654936,1.1852845,2.0579864978790283,-7.500777721405029,-0.4682729244232178,-8.839026352088956,23.862316007024436,7.317132992736823,-94.58487626787594,-73.60479593021205,167.97135886164688
6.356141,0.11341153,1.1691155,2.2940406799316406,-7.26275634765625,-0.3233795166015625,-9.758749743645254,22.919037854341703,17.03102034636614,-95.48577138921146,-47.39059819759481,172.94697408708274
6.480863,-0.23501937,1.1615825,2.494441032409668,-6.968617916107178,-0.15066252648830414,-10.925690124662871,23.534979191051573,26.799770340729943,-100.34220664381978,-20.14576590035767,178.85333919071624
6.612571,-0.56794727,1.1586756,2.634155511856079,-6.658558368682861,-0.058138445019721985,-11.937628753977158,25.38522450324196,36.575690326174964,-101.15608515512932,0.907748575837385,181.78533449572762
6.748945,-0.88474196,1.1571039,2.7274882793426514,-6.335893154144287,-0.0314326286315918,-12.492084727778575,28.16847365605609,46.375731124673884,-99.37572121588462,17.24692433357754,182.79946732331277
6.8881764,-1.1845074,1.1547712,2.784625768661499,-5.995309352874756,-0.04665281996130943,-12.388340984475253,31.652466066767676,56.31511802752482,-97.06964444641322,30.747797265915732,183.2610105262872
7.0286,-1.4663908,1.1499306,2.80847430229187,-5.637669086456299,-0.09681249409914017,-11.538537385678728,35.65092369369025,66.66596577126107,-97.78303038446438,42.286329528952585,185.12686794337296
7.168531,-1.7287946,1.1419889,2.798616886138916,-5.248073101043701,-0.15883420407772064,-9.823866205871218,40.032793989671504,77.78500147585409,-102.25058198848885,53.27736407340497,188.7577828457734
7.305846,-1.9692432,1.1312615,2.746299982070923,-4.80897331237793,-0.21454766392707825,-7.034507875731336,44.69967100424445,90.13452991037074,-110.84615649289645,65.18147879667217,194.1017911542831
7.437399,-2.1840167,1.1190277,2.6310627460479736,-4.295469284057617,-0.24467477202415466,-2.8195193782976,49.57774429814337,104.40243308650136,-125.18340657967022,79.9501304616131,201.60409825938177
7.558548,-2.369462,1.1061018,2.4229729175567627,-3.708906888961792,-0.25852063298225403,3.5027506714933803,54.410379758588775,121.60496119047382,-145.162010430281,97.02470863186372,210.98032240478682
7.6628237,-2.5228949,1.0924911,2.085522174835205,-3.068657159805298,-0.27221202850341797,12.851106791311127,58.62156704230599,143.29814742843288,-175.73410107979814,116.05011860266418,224.42986646551236
7.7407045,-2.6426413,1.0782053,1.5576121807098389,-2.394928455352783,-0.2857164442539215,25.732993830116914,61.119736051994835,170.77384011961647,-218.94934999625082,136.60775857035196,242.7869151052704
7.780097,-2.73138,1.062514,0.7878491282463074,-1.7747727632522583,-0.3138279914855957,39.804918388392366,60.44485872048421,-157.51287758187496,-273.84050677051675,155.36007025737865,265.47683084880947
7.8135953,-2.8174255,1.0248789,0.6699661016464233,-1.7209105491638184,-0.7527000904083252,45.629703712579236,54.762735557491396,-132.8407589789282,-300.92723384884647,96.95978768380274,269.49505845828463
7.8399196,-2.9024282,0.96603113,0.5264898538589478,-1.7000551223754883,-1.176955223083496,43.51403554169487,46.58360793206322,-115.35807017558015,-312.8107521366715,40.05060029283772,272.1115673255331
7.850439,-2.9899406,0.8923655,0.21038629114627838,-1.7502470016479492,-1.473312258720398,37.13162674347898,37.62593436390197,-101.83949339291328,-308.52688480999615,-6.030853838993451,269.0149234803894
7.831193,-3.091238,0.8223579,-0.38492023944854736,-2.025947332382202,-1.4001529216766357,29.07827705161659,29.459138645020257,-89.66080164991699,-295.0738163716589,-25.3876526354919,259.6458163920995
7.7911296,-3.2099211,0.7620778,-0.8012661933898926,-2.3736650943756104,-1.2056019306182861,20.543796881787454,22.7332464636336,-77.81749951592501,-274.2543889134629,-32.41879621617018,249.95372331833806
7.7313037,-3.3591352,0.7453764,-1.1965217590332031,-2.984278440475464,-0.3340279459953308,14.198557119261134,16.13333199884595,-66.78577411949227,-199.8629464361621,-63.503984336517036,238.23470330648362
7.667547,-3.5200446,0.7420142,-1.2751294374465942,-3.2181894779205322,-0.06724385172128677,8.97710374880264,10.115356481532558,-56.15516865754146,-152.34762898432288,-76.00743791416909,227.18967270154772
7.603717,-3.6848006,0.7382509,-1.2766104936599731,-3.295119285583496,-0.07526638358831406,4.310863649369793,4.481304189918291,-45.51163364749181,-120.03844364395306,-87.20080656749936,222.90916582794404
7.540593,-3.8499897,0.7302624,-1.2624740600585938,-3.3037798404693604,-0.1597699373960495,-0.10564323625378141,-0.6995232153569647,-34.581029201721115,-95.21803480393613,-95.24075884330476,222.27406751815957
7.47797,-4.0131917,0.7189462,-1.2524549961090088,-3.2640440464019775,-0.2263229638338089,-4.521929301327881,-5.121219490614908,-23.15078275778565,-76.37956028052973,-97.30585970866895,224.6628168973448
7.4148355,-4.1719074,0.70732445,-1.262696385383606,-3.174315929412842,-0.2324361652135849,-9.129650901273,-8.34254417018896,-11.103141000620742,-63.54606513199348,-92.18723398239135,230.02159207484004
7.349481,-4.323813,0.69763386,-1.3070811033248901,-3.038106918334961,-0.19381102919578552,-14.048199042419764,-9.943969959784013,1.5638511047018149,-57.71582931684894,-81.50020091261248,238.63500703335973
7.279758,-4.466822,0.69186133,-1.3944709300994873,-2.860180616378784,-0.11545108258724213,-19.164061103404443,-9.582458292298995,14.683718262611832,-57.38576725539724,-67.0092305883784,249.87965674697844
7.203329,-4.599111,0.6916141,-1.5285766124725342,-2.645784854888916,-0.004945185501128435,-24.17263028403833,-7.0494531834089695,27.97225427403267,-61.273094289429125,-50.242096308143,263.0539168633958
7.118174,-4.7194424,0.69699305,-1.7031018733978271,-2.4066267013549805,0.10758023709058762,-28.698808816803606,-2.367743345836277,41.19447256370727,-68.3602010250719,-33.89790441678771,277.59623654981004
7.022925,-4.8272743,0.706281,-1.9049792289733887,-2.1566402912139893,0.1857583075761795,-32.17796716113012,4.0832672320729815,54.30460061891279,-73.13328065104939,-22.14168036452421,291.2851924013229
6.916393,-4.9224424,0.71745634,-2.130643367767334,-1.903359293937683,0.22350731492042542,-34.133245414829666,11.808914692841915,67.57265972320192,-75.58639773297283,-15.069627365812138,304.3600596049382
6.7963963,-5.004286,0.7304249,-2.3999316692352295,-1.6368671655654907,0.25937020778656006,-34.27757072708662,20.46411077228821,81.53857291536961,-80.57147960059834,-8.527073683447902,318.9475131813879
6.660027,-5.072213,0.74568516,-2.7273831367492676,-1.358546257019043,0.3052056133747101,-32.2120907862235,29.693011152390664,97.0489011619039,-90.61229481262396,-0.7697641870902882,335.70371574385666
6.503495,-5.1259685,0.76404136,-3.13063383102417,-1.0751100778579712,0.3671242594718933,-27.152961130258593,38.953473836647746,115.44665772911522,-107.3289027684742,8.867657651316003,354.8585168182939
6.321714,-5.1660204,0.78666425,-3.6356282234191895,-0.8010316491127014,0.4524582028388977,-17.69084906358793,47.20358078793069,138.80731170952785,-131.85502607791196,20.07679465011888,376.7673048075936
6.109282,-5.1949606,0.81397295,-4.248641490936279,-0.57880699634552,0.5461738705635071,-2.5897541624958986,52.378634122036345,169.28315133326117,-166.77283824722807,29.98666147537702,402.8050787539494
5.861781,-5.2185535,0.84581935,-4.950012683868408,-0.4718555808067322,0.6369277238845825,15.149197362095494,51.592568141027094,-155.21811160566912,-208.86887870590408,32.42048668798976,432.514079379187
5.559737,-5.2476335,0.89708143,-6.040883541107178,-0.5816012620925903,1.0252418518066406,25.572590252553752,43.62997800285583,-128.45732115453242,-189.19566627346293,-20.854486819205704,391.41901680375474
5.229719,-5.2860417,0.952141,-6.60036039352417,-0.7681626081466675,1.1011912822723389,29.831243935907967,32.618073815394474,-109.3932932941647,-151.32251321255234,-53.48441442790473,367.0203243336619
4.8870296,-5.331227,1.001136,-6.853786468505859,-0.9037068486213684,0.979899525642395,30.85101166955838,20.297010194243846,-94.50601490371898,-112.68569719111014,-76.54664719819576,354.2132825077811
4.5344377,-5.3824286,1.0454686,-7.0518364906311035,-1.0240356922149658,0.8866524696350098,30.677210675938234,7.948825599446391,-81.58896605106597,-66.60644067264441,-82.91524535390987,341.485170347949
4.1724086,-5.438316,1.0880286,-7.2405877113342285,-1.1177475452423096,0.8511995673179626,30.14879992098937,-3.5472967383733804,-69.28638833690398,-19.95669601884796,-72.84708206444752,328.3416460827967
3.800385,-5.497256,1.1305529,-7.440469741821289,-1.178791880607605,0.8504858613014221,29.17239364328478,-13.575389442409387,-56.598939708295525,18.42297191807972,-49.23803800958362,317.1543153166927
3.4152765,-5.558775,1.1769063,-7.7021684646606445,-1.2303837537765503,0.927069902420044,27.64504040146487,-21.326761956913526,-42.85338549422538,52.13895253877685,-10.83588082104002,304.2126641226493
3.0137582,-5.6241975,1.2302791,-8.030365943908691,-1.308451771736145,1.0674548149108887,25.388550805367757,-26.016016378754735,-27.67107366748637,77.06186202766816,40.75522309818375,290.4555976247331
2.5955265,-5.6965885,1.2909154,-8.364635467529297,-1.4478212594985962,1.212725281715393,23.004910407681688,-27.111925353725155,-11.48314540528357,97.36854718487132,98.79712223091451,272.967280745509
2.164565,-5.7790384,1.3562366,-8.619226455688477,-1.6489957571029663,1.3064228296279907,21.521838989798262,-24.6498146202121,4.79360178311243,112.6120677518574,156.19913167615803,252.480620103676
1.7273567,-5.872933,1.4225729,-8.744171142578125,-1.877893090248108,1.3267267942428589,21.54050248170532,-19.221214418831817,20.5910259323508,118.44150443486906,207.956269810142,233.13222414740395
1.2905467,-5.978181,1.4877293,-8.736198425292969,-2.1049582958221436,1.3031277656555176,23.14514102153122,-11.713918714318085,36.005803247491194,114.14574574884874,251.11851645863536,218.32959229134218
0.8607838,-6.09378,1.5519007,-8.595257759094238,-2.3119802474975586,1.2834309339523315,26.308619975250785,-3.234420713533906,51.56853953552699,103.29600391266183,282.380183006757,210.1284612115028
0.44420668,-6.216374,1.6144055,-8.331542015075684,-2.4518799781799316,1.2500948905944824,30.940869638279068,5.044827666729724,67.92323284273117,86.6825727944138,301.24721455108323,208.59076706327951
0.044843968,-6.340662,1.6729273,-7.987254619598389,-2.4857656955718994,1.1704332828521729,36.79121694543471,12.016398764353976,85.55261361888357,63.62498113766381,309.2995431296647,212.6317665234475
-0.3358179,-6.4607677,1.7245734,-7.6132378578186035,-2.4021084308624268,1.0329227447509766,43.305260564429666,16.95188918973696,104.57598819331139,33.88872464254321,311.8850429380813,219.09476472368038
-0.6980757,-6.570801,1.7671216,-7.245155334472656,-2.200660228729248,0.8509652614593506,49.51137534997836,19.57917268040114,124.79109417412303,-3.7896988713566637,313.7872506219299,226.9702187235152
-1.0436872,-6.6644363,1.7996987,-6.912230491638184,-1.8727115392684937,0.6515420079231262,53.99855350258286,20.059895054564976,145.89797697372822,-54.286408410058456,317.6022664432188,238.23647915566784
-1.3775995,-6.7363343,1.8218956,-6.678245544433594,-1.4379661083221436,0.4439390003681183,55.434672492564324,18.899790839132894,167.45800184362872,-115.37759085622805,318.5294782834264,253.47329247688896
-1.7075812,-6.785081,1.8334934,-6.599632740020752,-0.9749270677566528,0.23195487260818481,52.98623750531693,16.921266036593206,-171.03748542157896,-180.71464770181476,309.2673046367822,271.1963219767514
-2.0410857,-6.816529,1.8332012,-6.670094013214111,-0.6289579272270203,-0.0058447993360459805,47.86380053348246,15.90166564257746,-150.5564665160004,-217.1719025477817,290.3341568612903,266.1738926347443
-2.389875,-6.827611,1.8316486,-6.97578239440918,-0.22164040803909302,-0.031052326783537865,41.93669214533963,17.134721400987154,-130.88889581981365,-229.3039031176118,283.864191868104,250.21660363911352
-2.7618728,-6.827105,1.8355532,-7.439956188201904,0.010111209936439991,0.07809313386678696,36.55726589088885,20.868200131511795,-111.99804057566243,-229.71251235451865,283.6897215159452,230.162321292499
-3.1584537,-6.8284802,1.8482212,-7.931617736816406,-0.02750369720160961,0.25336024165153503,32.69290536794113,26.668444586010814,-93.71012711068325,-224.14798455846594,285.18602471779826,210.40496092948328
-3.576605,-6.8462586,1.8723032,-8.363029479980469,-0.35556769371032715,0.4816395938396454,31.26086058579958,33.71659363017513,-75.51229701066735,-211.5758739192769,285.3687186177177,193.06306964568589
-4.0083876,-6.8942738,1.908308,-8.635651588439941,-0.9603047370910645,0.7200974822044373,33.20749182000989,41.00308383297434,-56.47956849217121,-192.4886780572445,283.47175651915177,178.99192372897582
-4.4415865,-6.980865,1.9518921,-8.663970947265625,-1.7318179607391357,0.8716808557510376,39.54074033167461,48.413173138994104,-35.004046722682105,-176.62493533248625,298.5057405427802,158.78120272961132
-4.8656936,-7.10072,1.9910207,-8.48214340209961,-2.397096633911133,0.7825703024864197,51.80729562815395,54.85846748889829,-8.822096020683787,-167.34948379809555,319.6707209314655,135.98858826171198
-5.2707276,-7.2514615,2.0186148,-8.100682258605957,-3.0148329734802246,0.5518819689750671,70.78273251989204,58.005156130090676,23.401116021055785,-160.6719220352759,339.1423881418779,116.4496710087316
-5.6442814,-7.431439,2.028526,-7.471078395843506,-3.599552631378174,0.19822822511196136,91.83979591969114,55.762583044427465,57.61410730953994,-155.7626416070592,359.46381284731,98.52084790917667
-5.949588,-7.648093,2.012389,-6.106123924255371,-4.33308219909668,-0.32274314761161804,107.25261638563433,47.96588454081748,88.14721123927465,-175.65024001716873,394.8524709372501,86.96692722993977
-6.135042,-7.8878655,1.9489313,-3.7090892791748047,-4.795452117919922,-1.2691534757614136,113.1223170338032,36.68608325863529,113.24030855171517,-222.4704900983108,424.5123215212203,79.9225501577446
-6.1731515,-8.097334,1.8157315,-0.7621844410896301,-4.18936014175415,-2.6639950275421143,110.24416411001904,24.936779895548312,134.17413484831974,-271.7141049573517,420.9478916802008,82.90648905139392
-6.0931697,-8.216885,1.6152166,1.5996383428573608,-2.3910179138183594,-4.0102996826171875,99.81620694564792,14.993706398092861,152.5286289973282,-331.9532042290893,385.9377626740628,101.13099787030787
-5.9507236,-8.220644,1.3745643,2.8489158153533936,-0.0751870796084404,-4.813045024871826,82.20392896317723,7.925984593088223,168.525451127875,-413.19262168900156,317.87686736861,135.60445842279046
-5.7913847,-8.110932,1.1316013,3.186784029006958,2.194230794906616,-4.859260559082031,59.15565368445513,3.660203607335099,-177.05503234452195,-487.44131321264905,244.59057681977401,176.36432263451522
-5.6413713,-7.9366984,0.9091404,3.0002615451812744,3.48468279838562,-4.449217796325684,30.591170782963584,3.412939446879825,-163.58889092411326,-585.2562337503482,188.21746024091203,196.10466216611928
-5.5084767,-7.732136,0.72878385,2.65789532661438,4.09124755859375,-3.6071317195892334,1.3940222929708561,5.881337156080464,-151.20006158111235,-601.6444257203367,116.65907094830584,226.47567204647126
-5.3864064,-7.534062,0.6065846,2.441408395767212,3.961482286453247,-2.443984031677246,-24.21699407024486,9.966302970822664,-140.24497090716716,-540.6691413390985,37.23955739274352,231.01931878803885
-5.255428,-7.373169,0.534144,2.6195693016052246,3.21785569190979,-1.4488123655319214,-44.674296851477855,14.995444681236629,-129.5976758779794,-453.78809690778246,-35.158426073397315,229.73070797846756
-5.0930767,-7.262404,0.49336055,3.2470178604125977,2.2152976989746094,-0.8156690001487732,-58.99151057832139,21.00532983947814,-118.34671506956762,-354.8135741735552,-94.65735140515895,227.38003007371597
-4.8814116,-7.198535,0.4666477,4.233307838439941,1.2773860692977905,-0.5342565774917603,-66.37967156201083,27.767304202702682,-105.89651647687414,-249.97839396162016,-140.03719655261537,224.185550598901
-4.6081214,-7.1701937,0.444138,5.46580171585083,0.5668253302574158,-0.450194388628006,-66.32242091638777,34.27772440634295,-91.4294108336001,-148.06020995927915,-175.299687388207,218.1529089578923
-4.250919,-7.1673865,0.4307581,7.144047260284424,0.05613521486520767,-0.2675982415676117,-59.363701246573726,38.18895027228071,-73.98232097620617,-67.8694041218823,-214.79389022597172,197.31534051726072
-3.7984023,-7.1722198,0.43952823,9.050333023071289,-0.09666360914707184,0.1754026561975479,-48.99681280357169,38.01642652403535,-55.23195247799835,-25.214281943789466,-240.87566425096077,169.64103958539152
-3.276768,-7.1677303,0.4719481,10.432686805725098,0.0897892490029335,0.6483969688415527,-42.580932663328156,35.79979791193444,-36.79726507794476,-93.8325855723124,-241.6589776657345,173.85771151101224
-2.6824884,-7.1305604,0.5479882,11.88559341430664,0.7434037923812866,1.5208017826080322,-39.71897411806609,32.418656197292194,-22.074585708759884,-108.1386695059034,-210.9845161409372,139.28243332857227
-2.0339577,-7.0450487,0.6707366,12.970613479614258,1.7102328538894653,2.4549694061279297,-40.64644209036754,29.15797852904147,-10.337131870109227,-138.6730984923371,-179.8125299766178,112.17740134326696
-1.3576382,-6.9096293,0.82593894,13.526390075683594,2.7083866596221924,3.104046583175659,-45.07378095565356,26.579703353219422,0.3171082875256496,-187.94683448561779,-165.96642513268134,103.20001243406647
-0.67324394,-6.7256804,0.9990532,13.687885284423828,3.678980827331543,3.462284803390503,-52.25600149058335,25.528709702231005,10.72894311052607,-234.7839551340098,-154.54378068929208,107.97901383405436
0.004520036,-6.4954877,1.1775851,13.555279731750488,4.603847980499268,3.5706377029418945,-61.071781293832174,26.83074012597407,20.840040969111126,-265.1584347504601,-137.61958279399767,121.67330406330896
0.6631916,-6.2180896,1.3530545,13.173432350158691,5.547964096069336,3.5093882083892822,-70.41877905977873,30.618593992481184,30.382535824576376,-278.2780533535174,-121.83681879203907,137.97743006499297
1.2890879,-5.8916354,1.5180503,12.517925262451172,6.5290846824646,3.2999155521392822,-79.15750066881147,36.49511799963091,39.11836484849561,-271.00480347242427,-110.00337262101941,151.72194267521468
1.8685461,-5.5186076,1.6648747,11.589164733886719,7.460559368133545,2.936487913131714,-86.17571128629633,43.89543330494838,47.31217055045014,-245.86749434548625,-105.54461830064592,162.78929433835822
2.3920004,-5.1079416,1.7873075,10.469087600708008,8.213312149047852,2.4486560821533203,-90.83137996044128,52.41849852112713,55.49891725189746,-214.9620631437158,-104.9501664466122,173.1404733462692
2.853071,-4.6705203,1.882238,9.221407890319824,8.748429298400879,1.898610234260559,-92.36491452346006,61.715601755186746,64.58628928220809,-183.29360418900652,-104.08708325252188,182.78071162385191
3.245488,-4.216445,1.9494482,7.848341941833496,9.081504821777344,1.3442038297653198,-88.07875908341279,71.30354127429467,77.36208982282524,-149.14510354666564,-102.59751461719047,190.36763111238872
3.5646832,-3.7552128,1.9914353,6.383902549743652,9.224648475646973,0.8397414684295654,-68.22384995867094,80.23630855764748,104.29664711663621,-126.79359635574404,-92.95692116977092,197.20620775470226
3.8099556,-3.2948306,2.0123303,4.905447959899902,9.2076416015625,0.4179007411003113,4.273163993359084,83.17882235398066,-174.54086703179692,-161.29383807996226,-76.13698611215672,206.55476963396876
3.9967568,-2.8425694,2.014912,3.736023187637329,9.045228004455566,0.051629818975925446,30.74954920943784,73.81978979471654,-137.0214494680013,-208.4093708993023,-125.00102686845254,194.0083541664373
4.12703,-2.4080365,2.0064027,2.6054611206054688,8.690655708312988,-0.17018264532089233,28.32710309198234,62.064248761370045,-125.92124459495001,-254.3727191075529,-162.8517495881288,188.34432417455585
4.2229023,-1.9929017,1.9895154,1.9174507856369019,8.30269718170166,-0.3377453088760376,20.488667009901697,49.083795262651805,-118.5966043705417,-277.1233962139484,-202.18892637687495,183.07272953162666
4.3048224,-1.5910718,1.9606049,1.6383987665176392,8.03659439086914,-0.5782104730606079,11.781849214482092,35.465559189805276,-111.13240289082252,-273.83793861938886,-230.97352919984309,182.32017928887464
4.3796573,-1.2003129,1.9201776,1.4967046976089478,7.81518030166626,-0.8085454702377319,2.847159446321349,21.77236349836516,-102.69005002006581,-258.6597556420031,-252.71445846010053,182.51765371815804
4.451284,-0.82017547,1.873014,1.4325330257415771,7.602747917175293,-0.9432731866836548,-6.442890550203171,8.632901488221727,-92.90212939224908,-236.01123084483436,-268.414659135372,181.31131936732874
4.5247364,-0.4488187,1.827497,1.469050407409668,7.427135467529297,-0.9103381037712097,-16.435134152606718,-3.259559011330726,-81.45016294675297,-209.21765548568163,-278.1909274604647,177.87935421507242
4.606368,-0.07967199,1.7907791,1.6326327323913574,7.3829345703125,-0.7343586683273315,-28.11778511467813,-13.3807119755911,-67.72723373430848,-192.1844887523688,-289.8250345605575,175.45950015440695
4.7014856,0.29863706,1.7655689,1.9023491144180298,7.566181182861328,-0.5042043328285217,-42.59596932478594,-20.9809904603708,-50.84415016272295,-187.41197603209244,-310.132334434786,176.1070157481025
4.825189,0.7231272,1.7748044,2.474066972732544,8.489802360534668,0.18470895290374756,-53.50648618420763,-25.447351903932397,-31.420905578431316,-63.17532246384519,-324.52979946928264,172.80486517121147
4.951661,1.1597285,1.770251,2.5294406414031982,8.732027053833008,-0.09106718003749847,-63.89351002488286,-26.433697814426644,-11.633597397226026,-32.9487676693444,-313.9392633120977,168.04210596106986
5.076131,1.6196934,1.7537074,2.4893980026245117,9.199296951293945,-0.3308708071708679,-71.80508206504871,-24.506102317433157,6.567465516701388,-0.581732601056128,-289.76074882008936,159.19938789173452
5.1895776,2.1085367,1.7238401,2.2689342498779297,9.776865005493164,-0.5973471403121948,-76.66226181027656,-20.708440299277903,22.35982636133066,24.854071427341335,-260.03508253327686,151.80419181319996
5.281671,2.6270392,1.6793654,1.841866374015808,10.370050430297852,-0.8894931077957153,-79.19456810543713,-15.782753756674829,36.17872997689758,36.16444122115391,-236.2079676136874,150.74880464302794
5.33839,3.1768982,1.6209818,1.134372591972351,10.99718189239502,-1.167672872543335,-80.34457388618134,-10.088879253215005,48.732959180839515,33.33706050856504,-220.76175435289204,155.08854291711395
5.3433867,3.756949,1.5502731,0.09994275867938995,11.6010160446167,-1.4141734838485718,-81.15019469878435,-3.8323576715916245,60.71002715463162,13.005079745770724,-214.74778644907414,161.29902902373146
5.2826786,4.360033,1.4682243,-1.2141659259796143,12.061684608459473,-1.640977144241333,-82.22354526647351,2.9563681947343294,72.40531908930943,-19.57823352939026,-212.01653040376945,167.72045869267563
5.148525,4.9737086,1.3742465,-2.6830625534057617,12.273510932922363,-1.8795548677444458,-83.62770921642307,10.385878076441962,83.97106965618879,-54.84054507251618,-209.93658753733882,175.28553523624674
4.941837,5.582867,1.2662637,-4.133769512176514,12.1831693649292,-2.159656286239624,-84.15441242407944,18.65314075537269,95.92602489254297,-70.47635755448194,-212.82504721658054,188.4706553534444
4.660619,6.171956,1.1440365,-5.62436056137085,11.781779289245605,-2.444542646408081,-82.64066491908619,27.66177265738411,108.70941377332801,-70.54055450249089,-213.08369282007058,205.25605014442584
4.3034496,6.7237787,1.0101329,-7.143380641937256,11.036450386047363,-2.678072214126587,-78.06077719378251,36.972049618805386,123.01105125376932,-62.02361596599764,-207.39007444870464,223.03847496931073
3.8740838,7.222283,0.87024975,-8.587324142456055,9.970085144042969,-2.797663688659668,-68.83095132304753,45.81851746199507,139.81166370622154,-38.91799100390953,-191.5130265154432,239.89946629402587
3.395248,7.670277,0.7272431,-9.576714515686035,8.959883689880371,-2.860133171081543,-55.93382271710885,53.52100716638308,160.65477826045918,-61.650100241046324,-168.08200792620107,259.33889501155585
2.8746386,8.061941,0.5874175,-10.412187576293945,7.833276748657227,-2.7965121269226074,-38.20723810378342,58.69152183978526,-172.62620108290227,-91.41155671910968,-148.21771412153964,275.7042741497165
2.315527,8.385598,0.46082634,-11.182233810424805,6.47314977645874,-2.53182315826416,-15.481453621818057,60.61508069497927,-144.50023340159845,-33.30496886474973,-94.00154396181101,268.58718971380654
1.7211987,8.639124,0.35479307,-11.886563301086426,5.0705084800720215,-2.1206655502319336,7.904826374586816,61.04200166905092,-117.35509454548682,-8.38418527223759,-9.05889184901896,262.7081453668531
1.0943518,8.825666,0.2682769,-12.536937713623047,3.7308571338653564,-1.7303229570388794,31.7331135253926,60.264350481099115,-89.53586382961912,-10.659150530039586,77.52532451379936,259.74220402166674
0.43739948,8.945906,0.19447489,-13.139046669006348,2.404785633087158,-1.4760406017303467,54.233156840194454,56.936972600508625,-60.92744573629146,-41.08480363129896,154.4246758505454,260.54759260783794
-0.24506441,8.99416,0.12464838,-13.649277687072754,0.9650700688362122,-1.396530270576477,71.78948874317356,50.155974452898306,-33.87396118865223,-87.01510055415588,224.92629827476722,263.03542071112344
-0.9410158,8.9640465,0.048543222,-13.919027328491211,-0.6022607088088989,-1.5221030712127686,82.51549487235654,40.23771674024481,-9.275289317397888,-137.1390653255089,294.01265086144906,266.7108274657773
-4.9265475,4.920609,3.0558496,0.4174242317676544,0.5420958995819092,-0.00026759927277453244,-0.02113741610641288,0.02771259042540755,0.05613707132428357,-0.024909243000733626,-0.05259245994415149,0.013579705068087991
